{"train_loss": [1.9673515417219327, 1.7128372329337453, 1.4742207838874297, 1.3368679375664116, 1.301451199009724, 1.2510001963675519, 1.2299542933427405, 1.2040033395113048, 1.2090440847646957, 1.1941005558384952, 1.190888629333121, 1.175932934494379, 1.1744267681751146, 1.1773947944711027, 1.1811092681919828, 1.187661095902775, 1.1801474631275553, 1.1803117785778725, 1.1788338569380175, 1.1791872475676963], "train_acc": [0.8511851851851852, 0.8370555555555556, 0.8646481481481482, 0.8888888888888888, 0.8852222222222222, 0.8955555555555555, 0.8982777777777777, 0.9026111111111111, 0.8971666666666667, 0.9025925925925926, 0.9031666666666667, 0.9103148148148148, 0.9105185185185185, 0.9121296296296296, 0.9118888888888889, 0.9077592592592593, 0.9152592592592592, 0.9152962962962963, 0.9180555555555555, 0.9195555555555556], "val_loss": [1.9783650378814615, 1.7041813153892889, 1.4703425558146785, 1.3400609285976963, 1.3051963800986743, 1.2574111146005322, 1.2346657444693123, 1.2102706390693874, 1.207617415946985, 1.2041883789078698, 1.1987562615397784, 1.1798316639144306, 1.181400894696915, 1.1808376275226526, 1.1858455748272312, 1.1919704802428788, 1.1852095660494788, 1.1846291296567923, 1.180812067230649, 1.1862897934393912], "val_acc": [0.8425, 0.8441666666666666, 0.8695, 0.8826666666666667, 0.883, 0.8921666666666667, 0.8925, 0.9001666666666667, 0.8945, 0.8971666666666667, 0.9008333333333334, 0.9055, 0.9041666666666667, 0.9066666666666666, 0.9081666666666667, 0.9071666666666667, 0.9121666666666667, 0.9085, 0.9146666666666666, 0.9138333333333334]}