{"train_loss": [4.431210747633632, 4.2530933370125625, 4.18149638290074, 4.142417794567346, 4.117551191079779, 4.1002244303390984, 4.087325000399541, 4.077393487771051, 4.069509157254206, 4.063048851359047, 4.057665321459656, 4.053160587446172, 4.049304209359436, 4.045974635168078, 4.043068329026683, 4.04052593450678, 4.038277206252058, 4.036275527540883, 4.034489875344693, 4.032892545871035], "train_acc": [0.5823333333333334, 0.6358148148148148, 0.6538518518518519, 0.6589074074074074, 0.6626851851851852, 0.6627037037037037, 0.6629074074074074, 0.6620555555555555, 0.6613148148148148, 0.6603703703703704, 0.6590925925925926, 0.6580555555555555, 0.6571296296296296, 0.6561111111111111, 0.6552592592592592, 0.6541481481481481, 0.6532592592592592, 0.6524814814814814, 0.6514629629629629, 0.6505185185185185], "val_loss": [4.425091861891882, 4.245986565021442, 4.173910288443268, 4.134649232802041, 4.109783157368494, 4.092370092601079, 4.07952022871758, 4.069617960103924, 4.061748711724629, 4.055331371867796, 4.050006112324537, 4.045529040713028, 4.041715350393618, 4.038431761918469, 4.035568580478874, 4.0330633589435445, 4.030851832050762, 4.028886101271665, 4.0271302559171875, 4.0255637699157525], "val_acc": [0.5908333333333333, 0.6418333333333334, 0.6623333333333333, 0.668, 0.6715, 0.6718333333333333, 0.6733333333333333, 0.6726666666666666, 0.671, 0.6703333333333333, 0.6691666666666667, 0.6681666666666667, 0.6671666666666667, 0.667, 0.6656666666666666, 0.6643333333333333, 0.6635, 0.6625, 0.6613333333333333, 0.6606666666666666]}