{"train_loss": [2.2602845063480954, 1.7632221176561294, 1.5415392684015305, 1.422447472632739, 1.328802775237393, 1.2838060389445174, 1.2967147302782358, 1.2383701117343437, 1.2269527411111794, 1.221399065016652, 1.2302076050142765, 1.2098756812436888, 1.1940366589237157, 1.1953247760595602, 1.1914604815709813, 1.190672310779892, 1.1978729214411898, 1.192239187729314, 1.1972925837530295, 1.1931782260184067], "train_acc": [0.8542222222222222, 0.8683888888888889, 0.8752222222222222, 0.8801481481481481, 0.8901481481481481, 0.8969074074074074, 0.8791666666666667, 0.901537037037037, 0.9026481481481482, 0.9036111111111111, 0.896074074074074, 0.9063333333333333, 0.9125925925925926, 0.9134074074074074, 0.9148888888888889, 0.9163888888888889, 0.9151111111111111, 0.9177037037037037, 0.9162592592592592, 0.921], "val_loss": [2.260019850432173, 1.7692959637936323, 1.5465461050335985, 1.4306773519758154, 1.3317601839503757, 1.2895309224668767, 1.3036338711841016, 1.238182892703681, 1.2368578826888657, 1.2302634523677787, 1.2373636051030052, 1.217509213481157, 1.2014577782749138, 1.199181598830782, 1.1994777915893053, 1.1959906188432208, 1.2009506659862907, 1.1972430430096657, 1.2021271910153228, 1.1986234665120676], "val_acc": [0.8551666666666666, 0.863, 0.8695, 0.8761666666666666, 0.8886666666666667, 0.892, 0.8746666666666667, 0.8973333333333333, 0.899, 0.9011666666666667, 0.8903333333333333, 0.8983333333333333, 0.9056666666666666, 0.9078333333333334, 0.9081666666666667, 0.9113333333333333, 0.9096666666666666, 0.9141666666666667, 0.9151666666666667, 0.9143333333333333]}