{"train_loss": [2.700999743911531, 2.587598969624736, 2.5403904051291617, 2.512488841994802, 2.493238452794598, 2.4789743360983874, 2.467782161991479, 2.4588256949298386, 2.4512390107961854, 2.444747881590089, 2.4391838344698638, 2.4342697585876407, 2.429894325858113, 2.4259544408961324, 2.4224341342147717, 2.4192406762122998, 2.4163007043751326, 2.4136216964628288, 2.411152804034127, 2.4088535114792697], "train_acc": [0.4823703703703704, 0.5521666666666667, 0.5822222222222222, 0.594037037037037, 0.6004444444444444, 0.605, 0.6085, 0.6105185185185186, 0.6122222222222222, 0.613537037037037, 0.6146481481481482, 0.6155925925925926, 0.616, 0.6167962962962963, 0.617537037037037, 0.6178888888888889, 0.6183703703703703, 0.6190185185185185, 0.6193148148148148, 0.6195], "val_loss": [2.6986326402151644, 2.5840202825777214, 2.5362594972932357, 2.5080503972305337, 2.488588220577903, 2.474180150455356, 2.4628960488065204, 2.453825445593708, 2.44616495874115, 2.4396152423885686, 2.433978256134038, 2.4290070734180293, 2.4245871339160754, 2.4206103770146745, 2.41705436669334, 2.4138227944021162, 2.410851325196748, 2.4081392623378846, 2.405640900355941, 2.403313597335432], "val_acc": [0.48583333333333334, 0.5575, 0.591, 0.6021666666666666, 0.6093333333333333, 0.6151666666666666, 0.6195, 0.621, 0.6231666666666666, 0.6238333333333334, 0.6251666666666666, 0.6261666666666666, 0.6268333333333334, 0.6285, 0.6285, 0.6291666666666667, 0.6291666666666667, 0.6295, 0.6306666666666667, 0.6305]}