{"train_loss": [2.7705824227464353, 2.6000565776418334, 2.529928097808806, 2.4911359135847593, 2.4659726854946724, 2.448022844289933, 2.434648236527329, 2.4242317039026995, 2.4157593929710965, 2.408750005408412, 2.402863967744289, 2.3977850016422053, 2.3934048037545868, 2.389559977570123, 2.3861316148624425, 2.383096938990973, 2.380354471287628, 2.3778665418084763, 2.375594823063628, 2.373524948765981], "train_acc": [0.5142777777777777, 0.6041111111111112, 0.6218333333333333, 0.6297037037037037, 0.6332222222222222, 0.6354814814814815, 0.636462962962963, 0.6375555555555555, 0.6384444444444445, 0.6386111111111111, 0.6390555555555556, 0.6393888888888889, 0.6393518518518518, 0.6391111111111111, 0.6389814814814815, 0.6393333333333333, 0.6393888888888889, 0.6394444444444445, 0.6397407407407407, 0.6397962962962963], "val_loss": [2.7666621442474444, 2.595284791433715, 2.524583888127192, 2.485302303827, 2.4599053487478937, 2.4419192009680293, 2.4284336670811393, 2.4179251683163083, 2.409406523422647, 2.4023541298805857, 2.396413794151791, 2.3913160184166675, 2.3869075423565764, 2.38303520096204, 2.3796002191106416, 2.3765449061777675, 2.3737876987566953, 2.371291022412878, 2.3690104428585954, 2.366932206165541], "val_acc": [0.519, 0.6128333333333333, 0.632, 0.6405, 0.6425, 0.6438333333333334, 0.6458333333333334, 0.6458333333333334, 0.646, 0.6455, 0.6463333333333333, 0.646, 0.6458333333333334, 0.6453333333333333, 0.6455, 0.6456666666666667, 0.6456666666666667, 0.6458333333333334, 0.6456666666666667, 0.6455]}