{"train_loss": [2.9714124828028106, 2.798042178833831, 2.72184082189641, 2.6779619862260646, 2.648952823251511, 2.628173727493752, 2.612421011843795, 2.6000204361632493, 2.589994136179946, 2.5816533636508794, 2.574572140728497, 2.5684886329390872, 2.5631887350429645, 2.5585358826712, 2.5543886543433514, 2.5506583638426097, 2.547322437539181, 2.5442877447003625, 2.5415193112338645, 2.5389871873494005], "train_acc": [0.48842592592592593, 0.5772037037037037, 0.6035185185185186, 0.6139259259259259, 0.6205185185185185, 0.6229259259259259, 0.6248518518518519, 0.6265555555555555, 0.6282777777777778, 0.6289814814814815, 0.6288888888888889, 0.6293148148148148, 0.6293148148148148, 0.6294444444444445, 0.6291666666666667, 0.6287222222222222, 0.6283148148148148, 0.6281666666666667, 0.6279074074074074, 0.6276666666666667], "val_loss": [2.9671294905052847, 2.792674957284884, 2.715686288178566, 2.671348367449454, 2.641978981369284, 2.6210138129223033, 2.6051536053738245, 2.5926452540751606, 2.582533233974267, 2.5741403519656556, 2.567029945581596, 2.560926106835608, 2.5556055225950933, 2.5509342448210504, 2.5467767393744634, 2.543045836510778, 2.5397007986341293, 2.5366619390519527, 2.533892435092963, 2.5313612265056262], "val_acc": [0.49366666666666664, 0.5871666666666666, 0.6146666666666667, 0.6283333333333333, 0.6358333333333334, 0.6363333333333333, 0.6386666666666667, 0.6401666666666667, 0.641, 0.6415, 0.642, 0.6406666666666667, 0.641, 0.6406666666666667, 0.6396666666666667, 0.6393333333333333, 0.6388333333333334, 0.6383333333333333, 0.6378333333333334, 0.6378333333333334]}