{"train_loss": [3.2615636437067717, 3.220379581806985, 3.1906727363570546, 3.1652140943835985, 3.1414397862822945, 3.1192914106198297, 3.1011223766481697, 3.090057571450802, 3.088648778660019, 3.0979835612318043, 3.117631671924987, 3.1471637142879434, 3.185729305873605, 3.2327346485215114, 3.287531194594984, 3.349724134510299, 3.419161193168118, 3.4955070830387607, 3.5789405284601252, 3.6694441249029763], "train_acc": [0.19275925925925927, 0.4676296296296296, 0.5262407407407408, 0.5228518518518519, 0.5214074074074074, 0.489962962962963, 0.46655555555555556, 0.44277777777777777, 0.4222962962962963, 0.40364814814814814, 0.38472222222222224, 0.3680925925925926, 0.3528703703703704, 0.3371296296296296, 0.3237037037037037, 0.3116111111111111, 0.30162962962962964, 0.29259259259259257, 0.28424074074074074, 0.2766111111111111], "val_loss": [3.2611295577556656, 3.2202960359823463, 3.1905694891127268, 3.165136155784527, 3.141475954336208, 3.119510585768406, 3.1015316399540107, 3.090585273984991, 3.089217167830673, 3.0985094241511906, 3.1180988481392315, 3.1475208914510246, 3.185967430853543, 3.232863279186016, 3.287569397147789, 3.3497008629282585, 3.41910252048973, 3.4954419204960776, 3.5788983256702185, 3.669447807185878], "val_acc": [0.196, 0.4705, 0.5295, 0.5276666666666666, 0.5261666666666667, 0.4945, 0.4675, 0.44183333333333336, 0.41733333333333333, 0.39866666666666667, 0.38266666666666665, 0.36583333333333334, 0.349, 0.334, 0.31866666666666665, 0.30916666666666665, 0.3005, 0.2915, 0.2818333333333333, 0.27366666666666667]}