{"train_loss": [3.3605260600861326, 3.2204640088548864, 3.166073064498141, 3.135829532326344, 3.116174201611525, 3.1020964380461002, 3.09144570458284, 3.0830389379935337, 3.0761613992848846, 3.0704135279303117, 3.0655263719020103, 3.0613012366029766, 3.057599516941246, 3.054322634533852, 3.0513818223374938, 3.048741984860256, 3.0463421132484276, 3.044149382219101, 3.0421349689800268, 3.0402822974766344], "train_acc": [0.5514629629629629, 0.5992962962962963, 0.6173703703703703, 0.623537037037037, 0.6277407407407407, 0.6297962962962963, 0.6306296296296297, 0.6309814814814815, 0.6312407407407408, 0.631425925925926, 0.6315185185185185, 0.6313888888888889, 0.6312777777777778, 0.6305740740740741, 0.6303148148148148, 0.6297962962962963, 0.6295185185185185, 0.6292962962962962, 0.6290555555555556, 0.6287407407407407], "val_loss": [3.3597186271016612, 3.2186605210203583, 3.163533253377694, 3.1328969314745314, 3.113003623096607, 3.0987702310537264, 3.0879950555260804, 3.079492061073414, 3.0725452024226882, 3.066736916416972, 3.0618025801489166, 3.0575293964373653, 3.0537903031796603, 3.050477036550208, 3.0475092201895864, 3.044844454864303, 3.0424228477662476, 3.040211236899572, 3.0381799863776253, 3.036311322134827], "val_acc": [0.5538333333333333, 0.6011666666666666, 0.6246666666666667, 0.6298333333333334, 0.6345, 0.6368333333333334, 0.6385, 0.6401666666666667, 0.6391666666666667, 0.6388333333333334, 0.6388333333333334, 0.6388333333333334, 0.6385, 0.6376666666666667, 0.6378333333333334, 0.6371666666666667, 0.6376666666666667, 0.6371666666666667, 0.6371666666666667, 0.6368333333333334]}