{"train_loss": [1.7205479167864253, 1.5093269893029613, 1.4531389573231508, 1.4116451601741995, 1.379787021522061, 1.373932137961156, 1.3383614621856346, 1.333130432763074, 1.331119301543883, 1.3124383129982489, 1.310865722824994, 1.3108219440039943, 1.3040903976854832, 1.3288875820670485, 1.299962382850779, 1.3178461946129958, 1.3106332254213133, 1.3106813428286666, 1.3077021839149119, 1.3057586850262295], "train_acc": [0.7206851851851852, 0.7905, 0.7921851851851852, 0.7891481481481482, 0.7967592592592593, 0.7921111111111111, 0.8045925925925926, 0.8045925925925926, 0.8053888888888889, 0.8152407407407407, 0.8142777777777778, 0.8146296296296296, 0.8196851851851852, 0.8101666666666667, 0.8228888888888889, 0.8164814814814815, 0.821, 0.8222037037037037, 0.8229074074074074, 0.8268703703703704], "val_loss": [1.7469917700055364, 1.5188508432498296, 1.459585485217518, 1.4283041220023533, 1.3896644899098336, 1.3849615262926522, 1.349847633083586, 1.3476117300496067, 1.338266378136899, 1.326806789149114, 1.3234442886240756, 1.3186951399020228, 1.3195608549389064, 1.335769994078661, 1.3123666696775689, 1.3277529013712916, 1.3217731757681255, 1.325912558192301, 1.3153478189321852, 1.3138775922525263], "val_acc": [0.7083333333333334, 0.7881666666666667, 0.7898333333333334, 0.786, 0.794, 0.7901666666666667, 0.8001666666666667, 0.7966666666666666, 0.8016666666666666, 0.8053333333333333, 0.8103333333333333, 0.8095, 0.8125, 0.8055, 0.8173333333333334, 0.8103333333333333, 0.8155, 0.8158333333333333, 0.8171666666666667, 0.8213333333333334]}