{"train_loss": [3.8689004001461047, 3.8027179998623604, 3.7534349106619853, 3.710824611905896, 3.673428499110563, 3.6442290901787526, 3.628777620922516, 3.6306586699402734, 3.650155696584045, 3.6850046993578225, 3.7342621480576135, 3.7966381511222744, 3.871907128004877, 3.959857776237491, 4.060850145133266, 4.175257620833238, 4.303865958925691, 4.447274318357269, 4.606190978070876, 4.781674988675769], "train_acc": [0.3707962962962963, 0.558, 0.4830740740740741, 0.46340740740740743, 0.4572777777777778, 0.4556296296296296, 0.4466111111111111, 0.41955555555555557, 0.3961296296296296, 0.3758518518518518, 0.35855555555555557, 0.34314814814814815, 0.32964814814814813, 0.31505555555555553, 0.3015185185185185, 0.28935185185185186, 0.2775740740740741, 0.26694444444444443, 0.25783333333333336, 0.25057407407407406], "val_loss": [3.8689631952395365, 3.802524680004382, 3.7534896680001535, 3.7112791141698533, 3.6742679418191644, 3.6455937911745595, 3.6305307230755206, 3.632611199541331, 3.6521381584030306, 3.6868532836763697, 3.7359124620350173, 3.798069469241608, 3.873130735794448, 3.9608873460721443, 4.061711998699354, 4.175971517245751, 4.304453454700747, 4.447751546163732, 4.606575481908543, 4.7819843688714885], "val_acc": [0.36833333333333335, 0.5688333333333333, 0.48433333333333334, 0.463, 0.4533333333333333, 0.4518333333333333, 0.4508333333333333, 0.4255, 0.40166666666666667, 0.38216666666666665, 0.3605, 0.3433333333333333, 0.3265, 0.31566666666666665, 0.3, 0.28633333333333333, 0.2725, 0.2608333333333333, 0.24866666666666667, 0.2435]}