{"train_loss": [1.4485832454926693, 1.4079064720722865, 1.2814102230105422, 1.213178376295549, 1.1883660618899745, 1.1672401683244291, 1.145725620250213, 1.1511112895526812, 1.141475177953633, 1.1251201885535558, 1.1282758992062412, 1.1319546323893566, 1.1178407308020983, 1.1131328515588441, 1.124429402834421, 1.1252212311915148, 1.12348934336922, 1.1137179316217696, 1.122059683530248, 1.143245431666072], "train_acc": [0.8228888888888889, 0.837, 0.8654259259259259, 0.8822037037037037, 0.8829259259259259, 0.885425925925926, 0.895462962962963, 0.8910740740740741, 0.8936666666666667, 0.9013518518518518, 0.8961481481481481, 0.897074074074074, 0.9048703703703703, 0.9097407407407407, 0.9055185185185185, 0.9068518518518518, 0.9093518518518519, 0.9153518518518519, 0.9121296296296296, 0.9041111111111111], "val_loss": [1.450663511659625, 1.4206533909681411, 1.2943691579492178, 1.2216227682532868, 1.1894629437705952, 1.1700748183444925, 1.1551320907343037, 1.1560907316272024, 1.148075043046942, 1.1305194971485681, 1.1352745364729073, 1.1340808146699637, 1.1252863625542548, 1.1160460783281665, 1.1286902600042363, 1.1338325230209765, 1.1257729985018259, 1.119434054248249, 1.126758013933538, 1.1527437752325091], "val_acc": [0.8243333333333334, 0.8291666666666667, 0.861, 0.8795, 0.8778333333333334, 0.8828333333333334, 0.8891666666666667, 0.8866666666666667, 0.8871666666666667, 0.8955, 0.8945, 0.8973333333333333, 0.8981666666666667, 0.9033333333333333, 0.9016666666666666, 0.9023333333333333, 0.9065, 0.9098333333333334, 0.9075, 0.8996666666666666]}