{"train_loss": [3.5779246300441763, 3.5221690349155304, 3.479772744431517, 3.4428954756740797, 3.412054652061644, 3.392230284985677, 3.390214016219704, 3.4059442481170845, 3.440729400865436, 3.492593801016038, 3.560286492080915, 3.6426895803647104, 3.7397531064489273, 3.8510746956481436, 3.9773785387362066, 4.119358299532111, 4.2776048601, 4.4532498361629065, 4.647166729006323, 4.860405564726359], "train_acc": [0.25151851851851853, 0.35338888888888886, 0.46185185185185185, 0.45087037037037037, 0.4242962962962963, 0.4243148148148148, 0.4131666666666667, 0.39816666666666667, 0.3783148148148148, 0.35368518518518516, 0.33190740740740743, 0.31375925925925924, 0.2970740740740741, 0.2833703703703704, 0.27155555555555555, 0.2629814814814815, 0.25633333333333336, 0.25101851851851853, 0.24661111111111111, 0.24314814814814814], "val_loss": [3.5781663096150758, 3.5224706471349227, 3.480243907420915, 3.4435909796335284, 3.4132061143060586, 3.393840147655912, 3.3921389703128613, 3.4080560891581637, 3.442843147823631, 3.494544603876994, 3.5619977103168345, 3.6440932419006558, 3.7408221956063614, 3.8518377707004396, 3.9778483273272522, 4.119599015516375, 4.277662707843719, 4.4531754125330405, 4.646988689327054, 4.86014282170257], "val_acc": [0.24933333333333332, 0.3478333333333333, 0.4603333333333333, 0.4573333333333333, 0.4265, 0.43033333333333335, 0.41683333333333333, 0.3978333333333333, 0.37766666666666665, 0.352, 0.3308333333333333, 0.31183333333333335, 0.29383333333333334, 0.2783333333333333, 0.268, 0.2575, 0.25166666666666665, 0.2465, 0.24083333333333334, 0.23733333333333334]}