{"train_loss": [2.075998205637525, 1.577136928430264, 1.3946687094067947, 1.309245826782077, 1.2784257098910623, 1.2261312570396767, 1.2060704848862198, 1.1978135715212654, 1.1927084960649912, 1.1852687725744595, 1.1679339760968532, 1.165513114136699, 1.1675850633562976, 1.1811921067313733, 1.1658082154037206, 1.1722732591896736, 1.1856225480471672, 1.1770403907807714, 1.1675691794431597, 1.1783424014170123], "train_acc": [0.7074444444444444, 0.8442037037037037, 0.8739444444444444, 0.8857222222222222, 0.8831666666666667, 0.8944444444444445, 0.8988333333333334, 0.8982962962962963, 0.8977222222222222, 0.8997407407407407, 0.910425925925926, 0.9107222222222222, 0.9111666666666667, 0.904962962962963, 0.9140185185185186, 0.9111481481481482, 0.9058888888888889, 0.9143518518518519, 0.9185185185185185, 0.9146481481481481], "val_loss": [2.0675790510174035, 1.578814441648197, 1.3930332532267533, 1.3141535981973271, 1.275142858561417, 1.2280294360690138, 1.2088838674505198, 1.2009489403663212, 1.2010329302657858, 1.1898084192299327, 1.169685385831023, 1.1659047915957834, 1.171469008354726, 1.1906963388152971, 1.1711622377472843, 1.1738717069139608, 1.1929252086831577, 1.17746464257499, 1.1707005644340454, 1.18055175250029], "val_acc": [0.7123333333333334, 0.84, 0.8765, 0.8823333333333333, 0.883, 0.8928333333333334, 0.893, 0.8945, 0.8928333333333334, 0.8951666666666667, 0.9081666666666667, 0.9093333333333333, 0.9093333333333333, 0.8993333333333333, 0.9091666666666667, 0.91, 0.9028333333333334, 0.9103333333333333, 0.9165, 0.9091666666666667]}