{"train_loss": [1.5257773145233164, 1.4397338708839003, 1.304633233393666, 1.2342896598399649, 1.216147224646445, 1.1796861995608223, 1.161500136452675, 1.1665204203929025, 1.1677906317970441, 1.1667731258283964, 1.1372369870991588, 1.157930396643477, 1.1460878592498371, 1.149606972027093, 1.1393655816314512, 1.1487272380522842, 1.1362081375992459, 1.1417180997424201, 1.159063441050132, 1.153824655293087], "train_acc": [0.8405925925925926, 0.8384444444444444, 0.8730370370370371, 0.8852592592592593, 0.8852407407407408, 0.8958518518518519, 0.8991851851851852, 0.8969814814814815, 0.8928703703703704, 0.8930185185185185, 0.9063888888888889, 0.8992407407407408, 0.9064629629629629, 0.9064629629629629, 0.911425925925926, 0.9088333333333334, 0.9157407407407407, 0.9136666666666666, 0.9092407407407408, 0.9131666666666667], "val_loss": [1.533607400730946, 1.4512792106859775, 1.312673763782103, 1.2380032158709349, 1.2236885315997885, 1.1830044445180157, 1.1722657669842615, 1.1734529870832127, 1.1783810513734418, 1.1752662903028808, 1.1465204338627233, 1.1663278411220463, 1.1484871569197412, 1.1515433529900738, 1.146513270506838, 1.1564772190252524, 1.1419352512382759, 1.1468675014432514, 1.1599470931294238, 1.1610550330391882], "val_acc": [0.8375, 0.83, 0.8706666666666667, 0.8763333333333333, 0.8816666666666667, 0.8918333333333334, 0.8955, 0.8928333333333334, 0.8905, 0.8926666666666667, 0.899, 0.894, 0.9036666666666666, 0.9051666666666667, 0.9065, 0.9038333333333334, 0.9075, 0.911, 0.9091666666666667, 0.9076666666666666]}