{"train_loss": [4.184566714423378, 4.10773085047226, 4.052644038463384, 4.007367748069681, 3.968367393008237, 3.9353003576154966, 3.9127258734032355, 3.9030002731241815, 3.908712688450212, 3.9300298301559202, 3.9654398912073883, 4.014964936038436, 4.077253238611258, 4.152278175947352, 4.239974590719308, 4.340840503857579, 4.4555069577613455, 4.58431830222734, 4.728388151654302, 4.889141631266552], "train_acc": [0.2863888888888889, 0.4243703703703704, 0.4497777777777778, 0.48162962962962963, 0.45731481481481484, 0.46620370370370373, 0.4444074074074074, 0.4867222222222222, 0.4809259259259259, 0.48918518518518517, 0.4862037037037037, 0.4720185185185185, 0.44583333333333336, 0.423, 0.4017777777777778, 0.38761111111111113, 0.36983333333333335, 0.34925925925925927, 0.33237037037037037, 0.31885185185185183], "val_loss": [4.1841020617072635, 4.107713386613762, 4.052769219661693, 4.007475948142779, 3.968681107808905, 3.9359999277512747, 3.9138403268791238, 3.9045888333727996, 3.9105862933132673, 3.932026220432612, 3.9674128191844855, 4.016756852883792, 4.078717355606541, 4.153353721145141, 4.240678175781435, 4.341241431836753, 4.455680589181575, 4.584306614320909, 4.72823155621945, 4.888903056299503], "val_acc": [0.2901666666666667, 0.4256666666666667, 0.4495, 0.491, 0.4686666666666667, 0.4776666666666667, 0.455, 0.505, 0.4995, 0.504, 0.49916666666666665, 0.4841666666666667, 0.45066666666666666, 0.42816666666666664, 0.4098333333333333, 0.3975, 0.37833333333333335, 0.3565, 0.3416666666666667, 0.327]}