{"train_loss": [3.1177654191672057, 3.0841332142162448, 3.0623469217862627, 3.0462194076722593, 3.033646966866954, 3.0238429402589384, 3.016441248275264, 3.0117338761256707, 3.0099430996991687, 3.0116747733135334, 3.0173078189266764, 3.0272307487321317, 3.0412925727967988, 3.0595502631074467, 3.08189950488544, 3.108043004647853, 3.1377505501546272, 3.1709301407381147, 3.207470799245124, 3.247137994196121], "train_acc": [0.1037962962962963, 0.4755185185185185, 0.5785370370370371, 0.48835185185185187, 0.4542407407407407, 0.432, 0.4142777777777778, 0.400537037037037, 0.3922037037037037, 0.3850925925925926, 0.37972222222222224, 0.37133333333333335, 0.36212962962962963, 0.35214814814814815, 0.3429814814814815, 0.3357962962962963, 0.3294259259259259, 0.32505555555555554, 0.3216851851851852, 0.31955555555555554], "val_loss": [3.118261618902897, 3.0840412085024766, 3.062226065649606, 3.0461415501675395, 3.0337052665622743, 3.0241027668800857, 3.0169767185057523, 3.012599072161933, 3.011181910591449, 3.0132805698142904, 3.019255705280895, 3.0294750260966437, 3.0437830796439505, 3.062232106157383, 3.084734838295383, 3.1109972157078327, 3.140799880214545, 3.1740579766523283, 3.2106695822398867, 3.2504001179772337], "val_acc": [0.101, 0.4755, 0.5833333333333334, 0.49666666666666665, 0.456, 0.4315, 0.41433333333333333, 0.401, 0.39216666666666666, 0.3883333333333333, 0.38166666666666665, 0.37266666666666665, 0.362, 0.3505, 0.3413333333333333, 0.3343333333333333, 0.3313333333333333, 0.3265, 0.32366666666666666, 0.32166666666666666]}