{"train_loss": [4.799732302431618, 4.696472069393026, 4.619615707223231, 4.557279691250805, 4.510385397467365, 4.483486916361505, 4.483054380919791, 4.509573552358949, 4.566220604104253, 4.652103205019018, 4.767388157604337, 4.912350091911625, 5.090609418343489, 5.305799493706871, 5.562168774361444, 5.865661410240639, 6.222181060155497, 6.638370230566096, 7.122158324441028, 7.68117906942782], "train_acc": [0.25966666666666666, 0.3889074074074074, 0.5052407407407408, 0.47953703703703704, 0.5430555555555555, 0.5345925925925926, 0.5284629629629629, 0.519462962962963, 0.501462962962963, 0.4177592592592593, 0.38162962962962965, 0.3465925925925926, 0.31642592592592594, 0.29203703703703704, 0.26816666666666666, 0.25125925925925924, 0.24116666666666667, 0.23585185185185184, 0.2326851851851852, 0.2305185185185185], "val_loss": [4.799153852707823, 4.696619058593418, 4.619807885292567, 4.557845822026046, 4.511521086801102, 4.4852340644600766, 4.485220629113594, 4.511593143899093, 4.5679341990361175, 4.653214620547968, 4.767821347286976, 4.912159357397237, 5.089989393595642, 5.305007964984979, 5.561375211479419, 5.864925768322486, 6.221509909376196, 6.637738788860821, 7.121532774442519, 7.68055391259939], "val_acc": [0.261, 0.3885, 0.508, 0.48983333333333334, 0.5473333333333333, 0.5378333333333334, 0.5303333333333333, 0.518, 0.5013333333333333, 0.4175, 0.38516666666666666, 0.3486666666666667, 0.314, 0.286, 0.26116666666666666, 0.246, 0.23566666666666666, 0.23033333333333333, 0.22833333333333333, 0.22666666666666666]}