{"train_loss": [3.5706713580617224, 3.3852888585699734, 3.3080263901080973, 3.265506786281781, 3.2385674606671584, 3.2197882289468893, 3.2059755190189927, 3.195330931931774, 3.1868794781416696, 3.1799827995139403, 3.1742424522266584, 3.1693766163953807, 3.1652107788813506, 3.161589674938364, 3.1584197978268778, 3.155603221995611, 3.1531013220720423, 3.1508536781864196, 3.1488341440834784, 3.1470005163095305], "train_acc": [0.4678703703703704, 0.5866111111111111, 0.6257222222222222, 0.6417037037037037, 0.6488518518518519, 0.6537407407407407, 0.6558888888888889, 0.6580370370370371, 0.6590925925925926, 0.6590925925925926, 0.6593148148148148, 0.6595555555555556, 0.6597037037037037, 0.6597962962962963, 0.6599074074074074, 0.6597777777777778, 0.6593888888888889, 0.6590370370370371, 0.6586296296296297, 0.6586296296296297], "val_loss": [3.5654609202315566, 3.3785958481403364, 3.3005141950115866, 3.2578932392198316, 3.2307704951940095, 3.211898774881353, 3.19803822526899, 3.1873833637904134, 3.178935231341744, 3.17204502387548, 3.166303155596765, 3.161461977518094, 3.157307476773956, 3.1536921340034922, 3.150533022240098, 3.147732505789492, 3.145246018707833, 3.1430134908061, 3.141009111715446, 3.1391908651732754], "val_acc": [0.47933333333333333, 0.5956666666666667, 0.6355, 0.6506666666666666, 0.6575, 0.663, 0.6646666666666666, 0.6653333333333333, 0.6668333333333333, 0.6665, 0.6663333333333333, 0.6673333333333333, 0.6675, 0.6685, 0.6681666666666667, 0.6685, 0.6686666666666666, 0.6688333333333333, 0.6678333333333333, 0.6671666666666667]}