{"train_loss": [3.199537689310441, 3.0296211121149894, 2.955865213068318, 2.9151445310891604, 2.8891288439312817, 2.8713207484967547, 2.858082269252887, 2.847866718728769, 2.839778507549217, 2.833180511644044, 2.827657928128414, 2.822999554349041, 2.8189804326815304, 2.815511073351505, 2.8124543914787035, 2.8097363132114985, 2.807322257012949, 2.8051640530381707, 2.803201329580358, 2.8014294439401635], "train_acc": [0.49616666666666664, 0.5811296296296297, 0.6201481481481481, 0.6343333333333333, 0.6413703703703704, 0.6448333333333334, 0.6473703703703704, 0.6490925925925926, 0.6506481481481482, 0.6508518518518519, 0.6514629629629629, 0.6517777777777778, 0.6517037037037037, 0.6518518518518519, 0.6516296296296297, 0.6517222222222222, 0.6510925925925926, 0.6510370370370371, 0.6511111111111111, 0.6507592592592593], "val_loss": [3.194388151012346, 3.023128615107832, 2.9485579168237126, 2.9073471164569327, 2.88105965307997, 2.863069143108266, 2.8497399336581513, 2.839484294282671, 2.8313576241102654, 2.8247353218875086, 2.8192095449833814, 2.8145369270169374, 2.810517849158175, 2.8070486133185275, 2.804000859918825, 2.8012970060454334, 2.79889365893486, 2.796744377377854, 2.7947938142812063, 2.7930332345762645], "val_acc": [0.5015, 0.5893333333333334, 0.6255, 0.642, 0.6505, 0.6521666666666667, 0.6533333333333333, 0.6553333333333333, 0.6568333333333334, 0.6568333333333334, 0.6563333333333333, 0.6566666666666666, 0.6568333333333334, 0.6563333333333333, 0.6568333333333334, 0.6561666666666667, 0.6555, 0.6561666666666667, 0.6555, 0.6551666666666667]}