{"train_loss": [1.8324510371057023, 1.580538314536432, 1.4403469479126048, 1.3271582407349025, 1.2915469632358478, 1.2723337187880692, 1.2268519920522245, 1.2131928482129453, 1.2179083400024053, 1.2083375224307713, 1.1851274231965307, 1.2051136425150102, 1.180772392808618, 1.1745307562018383, 1.1828862349181102, 1.1889723602062159, 1.188735373238158, 1.1886702156674716, 1.1873994859320502, 1.1875515247245056], "train_acc": [0.8534814814814815, 0.8630925925925926, 0.8652777777777778, 0.8863333333333333, 0.8847962962962963, 0.8811851851851852, 0.8961111111111111, 0.8995185185185185, 0.8948333333333334, 0.8999074074074074, 0.9089814814814815, 0.8981666666666667, 0.9103333333333333, 0.9153888888888889, 0.9127592592592593, 0.9124444444444444, 0.9132962962962963, 0.9158333333333334, 0.9186111111111112, 0.9188333333333333], "val_loss": [1.8312739569693806, 1.5765588004069786, 1.4400039396525244, 1.3311937950367456, 1.3013995480068208, 1.2816030992338447, 1.2304782885676935, 1.2241632822855053, 1.2301919861762645, 1.2117879088513839, 1.1912033341658705, 1.211515838733905, 1.1840319140906113, 1.1795945855639776, 1.1930488891129776, 1.192978843902624, 1.1916470234960483, 1.1950910329380344, 1.1964146501624486, 1.1948596168098582], "val_acc": [0.8515, 0.8635, 0.8666666666666667, 0.8843333333333333, 0.8811666666666667, 0.8758333333333334, 0.8896666666666667, 0.8921666666666667, 0.8906666666666667, 0.8955, 0.9031666666666667, 0.8938333333333334, 0.906, 0.9105, 0.903, 0.9116666666666666, 0.9071666666666667, 0.9093333333333333, 0.908, 0.914]}