{"train_loss": [3.8605050310148528, 3.669221790708667, 3.5964713352127804, 3.5573977467991043, 3.5322828698649973, 3.5147168272890763, 3.5015916511730563, 3.4914770030288014, 3.4832368758304906, 3.476392516291263, 3.4706978173005933, 3.4658460822567285, 3.4616252122207087, 3.457928601214788, 3.45466542840244, 3.451748724462187, 3.4491545426077277, 3.4468080220747943, 3.444688605904655, 3.442762019331621], "train_acc": [0.5319259259259259, 0.6386111111111111, 0.6557777777777778, 0.6622037037037037, 0.6653148148148148, 0.6669444444444445, 0.6670925925925926, 0.6675740740740741, 0.6677037037037037, 0.6673703703703704, 0.6667592592592593, 0.6658333333333334, 0.6653333333333333, 0.6648148148148149, 0.6639074074074074, 0.6633333333333333, 0.6626666666666666, 0.6621111111111111, 0.6616111111111111, 0.6607592592592593], "val_loss": [3.8591237020834357, 3.6650558138543867, 3.5911620730814313, 3.551365960421811, 3.525970383425541, 3.5082129763751073, 3.494961056060648, 3.484750705214063, 3.4764607935131755, 3.469580197582377, 3.4638598347283933, 3.458997611157476, 3.45476169980524, 3.4510641144878336, 3.4478002554434255, 3.4448929466426703, 3.4423108719577122, 3.439967150858957, 3.437858838090789, 3.435941464802993], "val_acc": [0.5406666666666666, 0.6595, 0.6738333333333333, 0.6788333333333333, 0.681, 0.682, 0.6811666666666667, 0.681, 0.6803333333333333, 0.6795, 0.6793333333333333, 0.6781666666666667, 0.6778333333333333, 0.678, 0.6775, 0.6766666666666666, 0.6751666666666667, 0.6746666666666666, 0.674, 0.6733333333333333]}