{"train_loss": [3.0361830835426833, 3.005938913078343, 2.988861972067799, 2.9777170898199508, 2.970032823923585, 2.96474464327666, 2.961124799706691, 2.9588706697310676, 2.9578663701889805, 2.9578157274451033, 2.9588724412073804, 2.9609887665857593, 2.964276440771581, 2.9688321080385016, 2.974766029804383, 2.982004985256205, 2.9905914676875933, 3.000613321673989, 3.011990115479858, 3.0248204531998093], "train_acc": [0.1002962962962963, 0.10242592592592592, 0.21194444444444444, 0.30383333333333334, 0.33001851851851854, 0.33924074074074073, 0.34296296296296297, 0.3423703703703704, 0.3405925925925926, 0.3377777777777778, 0.3347037037037037, 0.3300740740740741, 0.3254814814814815, 0.32072222222222224, 0.31592592592592594, 0.31216666666666665, 0.3075185185185185, 0.3035925925925926, 0.30038888888888887, 0.2977222222222222], "val_loss": [3.0350545961375435, 3.005257045435552, 2.9883819147800037, 2.9773454363360496, 2.9697636429977896, 2.964573079940566, 2.961063044655014, 2.9589271537518553, 2.958050482881834, 2.9581393925921455, 2.959346532260368, 2.961621239643829, 2.965073898635115, 2.969799291780594, 2.9759051833521495, 2.9833172220970963, 2.992075397349555, 3.0022659411920634, 3.013807650269785, 3.0267976141286446], "val_acc": [0.09733333333333333, 0.09933333333333333, 0.20933333333333334, 0.303, 0.32666666666666666, 0.33716666666666667, 0.3383333333333333, 0.3396666666666667, 0.34, 0.33566666666666667, 0.3323333333333333, 0.32816666666666666, 0.32316666666666666, 0.319, 0.314, 0.31033333333333335, 0.3055, 0.30266666666666664, 0.30033333333333334, 0.3001666666666667]}