{"train_loss": [3.7316462579420753, 3.6753022973570952, 3.636805613605702, 3.6070365018833455, 3.582249200622236, 3.5611712420098596, 3.5431226054067917, 3.528293260773833, 3.5167915817165323, 3.5094621857222283, 3.5067105503832847, 3.508848409219402, 3.5161456408977454, 3.528644161837531, 3.5461873583044916, 3.568561778328551, 3.5956485864855674, 3.6273035669831764, 3.6633158382605697, 3.7036111327951002], "train_acc": [0.18562962962962962, 0.49972222222222223, 0.6344814814814815, 0.6483333333333333, 0.6282592592592593, 0.6145925925925926, 0.6044814814814815, 0.5937777777777777, 0.5788703703703704, 0.5557592592592593, 0.5217592592592593, 0.4859074074074074, 0.45644444444444443, 0.42814814814814817, 0.40644444444444444, 0.38911111111111113, 0.37653703703703706, 0.36777777777777776, 0.36074074074074075, 0.35374074074074074], "val_loss": [3.7318478463405675, 3.675334286276618, 3.6368719528209725, 3.6072204341527803, 3.582607945087932, 3.5617143033048575, 3.5439022454912434, 3.5293315736447783, 3.5181270354417524, 3.5110755809698144, 3.5085688568185276, 3.5109036375817784, 3.5183334575109244, 3.5309143522877573, 3.5484873312839627, 3.570849897725541, 3.597892739784661, 3.6294783545578273, 3.6654031151611273, 3.7056011579787653], "val_acc": [0.18466666666666667, 0.5033333333333333, 0.6463333333333333, 0.6553333333333333, 0.6315, 0.6171666666666666, 0.6078333333333333, 0.5956666666666667, 0.5811666666666667, 0.5588333333333333, 0.5251666666666667, 0.488, 0.45916666666666667, 0.4295, 0.4073333333333333, 0.3888333333333333, 0.37866666666666665, 0.36983333333333335, 0.3616666666666667, 0.3566666666666667]}