{"train_loss": [1.6569306861062922, 1.5081039928542488, 1.3590405731835336, 1.3262516730608371, 1.2459766504601046, 1.2062373945880984, 1.176597365044517, 1.1651841501860951, 1.1611317820366778, 1.171230317946965, 1.157420099924186, 1.1498883963978304, 1.1496546175777713, 1.1427205496547201, 1.1547634997953506, 1.1541896037034949, 1.161773267648484, 1.1527311415851316, 1.1543256493379044, 1.1425092778713273], "train_acc": [0.844574074074074, 0.8392222222222222, 0.866574074074074, 0.8638703703703704, 0.8802407407407408, 0.8905740740740741, 0.8985, 0.900425925925926, 0.9009074074074074, 0.8958888888888888, 0.9016296296296297, 0.904537037037037, 0.9061296296296296, 0.9111481481481482, 0.9072222222222223, 0.9064814814814814, 0.9047222222222222, 0.9095925925925926, 0.9107592592592593, 0.9174074074074074], "val_loss": [1.6615766767392481, 1.5176376241215337, 1.3576099716193426, 1.3319841407567263, 1.2532055494053265, 1.207680709909586, 1.1838468500085608, 1.1647215120958494, 1.1628033673484437, 1.173998343080161, 1.1644988476459162, 1.1544351010096614, 1.155217313039143, 1.1488800307061138, 1.1555478721355346, 1.1598125135621289, 1.158300794691892, 1.1540035652622744, 1.1583133608457614, 1.1444787516054136], "val_acc": [0.8415, 0.8368333333333333, 0.8673333333333333, 0.8561666666666666, 0.877, 0.889, 0.8923333333333333, 0.8978333333333334, 0.8985, 0.8928333333333334, 0.8943333333333333, 0.8978333333333334, 0.8993333333333333, 0.901, 0.907, 0.9031666666666667, 0.902, 0.9081666666666667, 0.9085, 0.912]}