{"[784, 128, 64, 10]": 0.911, "[784, 128, 32, 10]": 0.8213333333333334, "[784, 128, 16, 10]": 0.9115, "[784, 128, 128, 10]": 0.912, "[784, 256, 256, 10]": 0.9151666666666667, "[784, 256, 128, 10]": 0.9146666666666666, "[784, 256, 64, 10]": 0.914, "[784, 256, 32, 10]": 0.9165}